In school in 2024/2025,Offer Class Trip,School,Grades,Address,Principal,Phone,E-Mail,Family of School,KM's to School,E-mail x-mas kick off,Offer Weekly,Contacted,District,emailed re class trips,Email,VP,Unnamed: 7,Emailed,Follow up email,2025 outreach,Phoned,Booked,Unnamed: 0,2025 outreach - class trip,2024 EOY Event,__full_addr__,lat,lon
,2025-03-28,Aldershot Elementary,PP - 5,446 Aldershot Rd. PO Box 67 Kentville NS B4N 3V9,Jan Routledge,902-690-3820,aes@avrce.ca,AVRCE,95 KM,2024-11-13 00:00:00,,,AVRCE,,,,,,,,,,,,,"446 Aldershot Rd. PO Box 67 Kentville NS B4N 3V9, Canada",,
,2025-03-28,Annapolis East Elementary,PP - 5,325 Marshall St. Box 640 Middleton NS B0S 1P0,Nancy Illsley,902-825-5330,aees@avrce.ca,AVRCE,142 KM,2024-11-13 00:00:00,,,AVRCE,,,,,,,,,,,,,"325 Marshall St. Box 640 Middleton NS B0S 1P0, Canada",,
,2025-03-28,Berwick and District,PP - 8,249 Veterans Drive Box 40 Berwick NS B0P 1E0,Krista-Lynn Parrish,902-538-4720,bds@avrce.ca,AVRCE,114 KM,2024-11-13 00:00:00,,,AVRCE,,,,,,,,,,,,,"249 Veterans Drive Box 40 Berwick NS B0P 1E0, Canada",,
,2025-03-28,Bridgetown Regional Community ,PP - 12,25 Cromwell Court Bridgetown NS B0S 1C0,Darlene Thomas,902-665-5400,brcs@avrce.ca,AVRCE,164 KM,2024-11-13 00:00:00,,,AVRCE,,,,,,,,,,,,,"25 Cromwell Court Bridgetown NS B0S 1C0, Canada",,
,2025-03-28,Brooklyn District Elementary,PP - 5,8008 Highway 14 Newport NS ,Brenda Mullins,902-727-4120,bdes@avrce.ca,AVRCE,53 KM,2024-11-13 00:00:00,,,AVRCE,,,,,,,,,,,,,"8008 Highway 14 Newport NS, Canada",,
,2025-03-28,Cambridge and District Elementary,PP - 5,6113 Highway 1 Cambridge Stn. NS B0P 1G0,Jill Reese,902-538-4680,cdes@avrce.ca,AVRCE,103 KM,2024-11-13 00:00:00,,,AVRCE,,,,,,,,,,,,,"6113 Highway 1 Cambridge Stn. NS B0P 1G0, Canada",,
,2025-03-28,Champlain Elementary,PP - 5,109 North Street Box 130 Granville Ferry NS B0S 1K0,Jan Ross,902-532-3270,ces@avrce.ca,AVRCE,187 KM,2024-11-13 00:00:00,,,AVRCE,,,,,,,,,,,,,"109 North Street Box 130 Granville Ferry NS B0S 1K0, Canada",,
,2025-03-28,Clark Rutherford Memorial School,PP - 5,234 Spinnaker Drive Box 70 Clementsport NS B0S 1E0,Sharon Reid,902-638-4800,crms@avrce.ca,AVRCE,207 KM,2024-11-13 00:00:00,,,AVRCE,,,,,,,,,,,,,"234 Spinnaker Drive Box 70 Clementsport NS B0S 1E0, Canada",,
,2025-03-28,Coldbrook and District School,PP - 8,2305 English Mountain Road Coldbrook NS B4R 1B6,Cherrie Goss,902-690-3830,cds@avrce.ca,AVRCE,100 KM,2024-11-13 00:00:00,,,AVRCE,,,,,,,,,,,,,"2305 English Mountain Road Coldbrook NS B4R 1B6, Canada",,
,2025-03-28,Dr Arthur Hines School,PP - 5,75 Musgrave Road Summerville NS B0N 2K0,Shelley Regan,902-633-6300,dahs@avrce.ca,AVRCE,71 KM,2024-11-13 00:00:00,,,AVRCE,,,,,,,,,,,,,"75 Musgrave Road Summerville NS B0N 2K0, Canada",45.0984433,-64.1664332
,2025-03-28,Dwight Ross School,PP - 5,949 Tremont Mountain Road Box 1420 Greenwood NS B0P 1N0,Paula Shehata,902-765-7510,drs@avrce.ca,AVRCE,134 KM,2024-11-13 00:00:00,,,AVRCE,,,,,,,,,,,,,"949 Tremont Mountain Road Box 1420 Greenwood NS B0P 1N0, Canada",,
y,,Falmouth District,PP - 5,30 School Street Falmouth NS B0P 1L0,Kim Frank,902-792-6710,fds@avrce.ca,AVRCE,59 KM,2024-11-13 00:00:00,,,AVRCE,,,,,,,,,,,,,"30 School Street Falmouth NS B0P 1L0, Canada",,
,2025-03-28,Gaspereau Valley Elementary,PP - 5,2781 Greenfield Road RR 1 Wolfville NS B4P 2R1,Mike Ouellette,902-542-6090,gves@avrce.ca,AVRCE,81 KM,2024-11-13 00:00:00,,VM Nov 5,AVRCE,,,,,,,,,,,,,"2781 Greenfield Road RR 1 Wolfville NS B4P 2R1, Canada",,
y,,Glooscap Elementary,PP - 5,1017 J. Jordan Road RR 5 Canning NS B0P 1H0,Lorne Guy,902-582-2010,ges@avrce.ca,AVRCE,95 KM,x,x,,AVRCE,,,,,,,,,,,,,"1017 J. Jordan Road RR 5 Canning NS B0P 1H0, Canada",,
,2025-03-28,Hantsport School,PP - 8,11 School Street Box 392 Hantsport NS B0P 1P0,Steve Miller ,902-684-4000,hs@avrce.ca,AVRCE,66 KM,2024-11-13 00:00:00,,,AVRCE,,,,,,,,,,,,,"11 School Street Box 392 Hantsport NS B0P 1P0, Canada",,
,2025-03-28,Kings County Academy,PP - 8,35 Gary Pearl Drive Kentville NS B4N 0H4,Victoria Laurence,902-690-3850,kca@avrce.ca,AVRCE,96 KM,2024-11-13 00:00:00,,,AVRCE,,,,,,,,,,,,,"35 Gary Pearl Drive Kentville NS B4N 0H4, Canada",45.0778657,-64.5194677
,2025-03-28,Kingston and District School,PP - 5,630 Pine Ridge Ave. Box 295 Kingston NS B0P 1R0,Bernice Jackson,902-765-7530,kds@avrce.ca,AVRCE,130 KM,x,x,,AVRCE,,,,,,,,,,,,,"630 Pine Ridge Ave. Box 295 Kingston NS B0P 1R0, Canada",,
,2025-03-28,L.E. Shaw Elementary,PP - 5,486 Oak Island Road Avonport NS B0P 1B0,Chris Shynal,902-542-6900,leses@avrce.ca,AVRCE,72 KM,2024-11-13 00:00:00,,,AVRCE,,,,,,,,,,,,,"486 Oak Island Road Avonport NS B0P 1B0, Canada",,
,2025-03-28,Lawrencetown Consolidated School,PP - 5,10 Middle Road RR 1 Lawrencetown NS B0S 1M0,Shannon Young,902-584-4500,lcs@avrce.ca,AVRCE,154 KM,2024-11-13 00:00:00,,,AVRCE,,,,,,,,,,,,,"10 Middle Road RR 1 Lawrencetown NS B0S 1M0, Canada",,
,2025-03-28,New Minas Elementary School,PP - 5,34 Jones Road New Minas NS B4N 3N1,Renee Levy,902-681-4900,nmes@avrce.ca,AVRCE,88 KM,2024-11-13 00:00:00,,,AVRCE,,,,,,,,,,,,,"34 Jones Road New Minas NS B4N 3N1, Canada",45.0734418,-64.4512705
y,,Port Williams Elementary ,PP - 5,1261 Belcher Street RR 1 Port Williams NS B0P 1T0,Lana Burns,902-542-6074,pwes@avrce.ca,AVRCE,87 KM,x,x,,AVRCE,,,,,,,,,,,,,"1261 Belcher Street RR 1 Port Williams NS B0P 1T0, Canada",,
,2025-03-28,Somerset and District Elementary,PP - 5,4339 Brooklyn Street RR 5 Berwick NS B0P 1E0,Tracy Murray,902-538-4670,sdes@avrce.ca,AVRCE,114 KM,2024-11-13 00:00:00,,,AVRCE,,,,,,,,,,,,,"4339 Brooklyn Street RR 5 Berwick NS B0P 1E0, Canada",,
,2025-03-28,St Mary's Elementary,PP - 5,1276 Victoria Road Box 249 Aylesford NS B0P 1C0,Isaac Schurman,902-847-4400,smes@avrce.ca,AVRCE,121 KM,2024-11-13 00:00:00,,,AVRCE,,,,,,,,,,,,,"1276 Victoria Road Box 249 Aylesford NS B0P 1C0, Canada",,
,2025-03-28,Three Mile Plains District School,PP - 5,4555 Highway 1 RR 2 Windsor NS B0N 2T0,Craig MacDonald,902-792-6720,tmpds@avrce.ca,AVRCE,51 KM,2024-11-13 00:00:00,,,AVRCE,,,,,,,,,,,,,"4555 Highway 1 RR 2 Windsor NS B0N 2T0, Canada",,
y,,Windsor Elementary,PP - 5,100 Tremaine Crescent Box 1057 Windsor NS B0N 2T0,Novadawn Oulton,902-792-6770,wes@avrce.ca,AVRCE,55 KM,2024-11-13 00:00:00,,,AVRCE,,,,,,,,,,,,,"100 Tremaine Crescent Box 1057 Windsor NS B0N 2T0, Canada",,
,2025-03-28,Windsor Forks District School,PP - 5,120 Sangster Bridge Road RR 3 Windsor NS B0N 2T0,Brandyn Ross,902-792-6700,wfds@avrce.ca,AVRCE,61 KM,2024-11-13 00:00:00,,,AVRCE,,,,,,,,,,,,,"120 Sangster Bridge Road RR 3 Windsor NS B0N 2T0, Canada",,
,2025-03-28,Wolfville School,PP - 8,19 Acadia Street Wolfville NS B4P 1K8,Greg Fox,902-542-6050,ws@avrce.ca,AVRCE,81 KM,2024-11-13 00:00:00,,,AVRCE,,,,,,,,,,,,,"19 Acadia Street Wolfville NS B4P 1K8, Canada",45.0895643,-64.3620046
,2025-03-28,A.G. Baillie Memorial,PP-6,"477 Victoria Street, New Glasgow NS B2H 1X1",Keah Evans,902-755-8240,evansKM@ccrce.ca,Celtic,152 KM,,,,CCRCE,,,,,,,,,,,,,"477 Victoria Street, New Glasgow NS B2H 1X1, Canada",45.5841825,-62.6462718
,2025-03-28,Advocate District,PP - 12,"3521 Highway 209, Advocate Harbour NS B0M 1A0",Calvin Regan,902-392-3400,ads@ccrce.ca,Chignecto,220 KM,,,,CCRCE,,,,,,,,,,,,,"3521 Highway 209, Advocate Harbour NS B0M 1A0, Canada",45.3412945,-64.7879015
,2025-03-28,Bible Hill Consolidated,PP - 4,"103 Pictou Road, Bible Hill, NS B2N 2S2",Kathy Fougere,902-896-5511,FougereKJ@ccrce.ca,Cobequid,91 KM,,,,CCRCE,,,,,,,,,,,,,"103 Pictou Road, Bible Hill, NS B2N 2S2, Canada",45.3758927,-63.260194
,2025-03-28,Brookfield Elementary,PP- 6,"233 Highway 289, Brookfield, NS B0N 1C0",Bruce McDowell,902-673-5050,McDowellRB@ccrce.ca,Nova,76 KM,,,,CCRCE,,,,,,,,,,,,,"233 Highway 289, Brookfield, NS B0N 1C0, Canada",45.2572132,-63.2650958
,2025-03-28,Chiganois Elementary,PP - 5,"11145 Highway 2, Masstown, B0M 1G0",Clinton Harvey,902-662-4420,HarveyC@ccrce.ca,Cobequid,101 KM,,,,CCRCE,,,,,,,,,,,,,"11145 Highway 2, Masstown, B0M 1G0, Nova Scotia, Canada",45.3845599,-63.4665206
,2025-03-28,Cobequid Consolidated Elementary,PP - 5,"2998 Highway 236, Old Barns, NS B6L 1K3",Angela McDowell,902-896-5560,McDowellAD@ccrce.ca,Cobequid,65 KM,,,,CCRCE,,,,,,,,,,,,,"2998 Highway 236, Old Barns, NS B6L 1K3, Canada",45.3502166,-63.3853958
,2025-03-28,Cobequid District Elementary,PP - 6,"8993 Highway 354, Noel, NS B0N 2C0",Mildred Crowe,902-369-2960,CroweMR@ccrce.ca,Nova,62 KM,,,,CCRCE,,,,,,,,,,,,,"8993 Highway 354, Noel, NS B0N 2C0, Canada",45.2919542,-63.7475544
,2025-03-28,Cumberland North Academy,PP - 6,"879 Highway 204, Brookdale, NS B4H 3Y1",Kathy Wells,902-661-2464,wellsk@ccrce.ca,Chignecto,193 KM,,,,CCRCE,,,,,,,,,,,,,"879 Highway 204, Brookdale, NS B4H 3Y1, Canada",45.8017692,-64.1575772
,2025-03-28,Cyrus Eaton Elementary,PP - 6,"PO Box 129, 171 Queen Street, Pugwash, NS B0K 1L0",Steve Wells,902-243-3900,wellsse@ccrce.ca,Chignecto,163 KM,,,,CCRCE,,,,,,,,,,,,,"PO Box 129, 171 Queen Street, Pugwash, NS B0K 1L0, Canada",,
,2025-03-28,Debert Elementary,PP - 6,"PO Box 279, 1320 Masstown Road, Debert, NS B0M 1G0",Stephen Fultz,902-662-4400,fultzs@ccrce.ca,Cobequid,105 KM,,,,CCRCE,,,,,,,,,,,,,"PO Box 279, 1320 Masstown Road, Debert, NS B0M 1G0, Canada",,
,,Dr. W.A. MacLeod Consolidated,PP - 8,"6193 Trafalgar Road, Stellarton, NS B0K 1S0",Ann Findlay,902-755-8450,no,Celtic,152 KM,,,,CCRCE,,,,,,,,,,,,,"6193 Trafalgar Road, Stellarton, NS B0K 1S0, Canada",45.5420315,-62.667585
,2025-03-28,Elmsdale District Elementary,PP - 5,"75 MacMillan Drive, Elmsdale, NS, B2S 1A5",Kelly Brown,902-883-5350,LangilleLD@ccrce.ca,Nova,35 KM,,Y,,CCRCE,,,,,,,,,,,,,"75 MacMillan Drive, Elmsdale, NS, B2S 1A5, Canada",44.961111,-63.52436
,,Enfield District Elementary,PP - 5,"29 Catherine Street, Enfield, NS B2T 1L4",Heather von Kintzel,902-883-5300,no,Nova,35 KM,,Y,,CCRCE,,,,,,,,,,,,,"29 Catherine Street, Enfield, NS B2T 1L4, Canada",,
,,F.H. MacDonald Academy,PP - 8,"123 School Road, Sutherland's River, B0K 1W0",Glen McCarron,902-922-3805,,Celtic,162 KM,,,,CCRCE,,,,,,,,,,,,,"123 School Road, Sutherland's River, B0K 1W0, Nova Scotia, Canada",,
,2025-03-28,G.R. Saunders Elementary,PP - 6,"PO Box 1030, 45 Allan Avenue, Stellarton, NS B0K 1S0",Matthew Clarke,902-755-8230,CormierEL@ccrce.ca,Celtic,150 KM,,,,CCRCE,,,,,,,,,,,,,"PO Box 1030, 45 Allan Avenue, Stellarton, NS B0K 1S0, Canada",,
,2025-03-28,Great Village Elementary,P - 4,"8849 Highway 2, Great Village, NS B0M 1L0",Katie Kennedy,902-668-6500,KennedyKA@ccrce.ca,Cobequid,113 KM,,,,CCRCE,,,,,,,,,,,,,"8849 Highway 2, Great Village, NS B0M 1L0, Canada",45.4126394,-63.5963304
,2025-03-28,Harmony Heights Elementary,PP - 4,"25 Cedar Drive, Salmon River, NS B2N 0C1",Heather Bishop-Amero,902-896-5798,bishopameroha@ccrce.ca,Cobequid,91 KM,,,,CCRCE,,,,,,,,,,,,,"25 Cedar Drive, Salmon River, NS B2N 0C1, Canada",,
,2025-03-28,Hilden Elementary,PP - 6,"1737 Truro Road, Hilden, B0N 1C0",Alison Read,902-896-5750,reada@gnspes.ca,Nova,82 KM,,,,CCRCE,,,,,,,,,,,,,"1737 Truro Road, Hilden, B0N 1C0, Nova Scotia, Canada",45.3074467,-63.2888064
,,Kennetcook District Elementary,PP - 6,"4369 Highway 236, Kennetcook NS B0N 1P0",Mark Peveril,902-362-3300,no,Nova,59 KM,,,,CCRCE,,,,,,,,,,,,,"4369 Highway 236, Kennetcook NS B0N 1P0, Canada",45.1817927,-63.7169664
,2025-03-28,Maple Ridge Elementary,PP - 5,"1006 Highway 2, Lantz, NS B2S 1M8",Stephanie Rae-Cameron,902-883-5361,raecamerons@ccrce.ca,Nova,41 KM,,Y,,CCRCE,,,,,,,,,,,,,"1006 Highway 2, Lantz, NS B2S 1M8, Canada",44.9799881,-63.4919093
,2025-03-28,McCulloch Education Centre,PP - 6,"350 Wellington Street, P.O. Box 1120, Pictou NS B0K 1H0",Guy Aucoin,902-485-7990,aucoing@ccrce.ca,Celtic,160 KM,,,,CCRCE,,,,,,,,,,,,,"350 Wellington Street, P.O. Box 1120, Pictou NS B0K 1H0, Canada",,
,2025-03-28,New Glasgow Academy,PP-8,"93 Albert Street, New Glasgow NS B2H 5W8",Andrew Francis,902-755-8400,francisa@ccrce.ca,Celtic,153 KM,,,,CCRCE,,,,,,,,,,,,,"93 Albert Street, New Glasgow NS B2H 5W8, Canada",45.5868442,-62.6390298
,2025-03-28,North River Elementary,PP - 6,"80 Mountain Lee Road, North River NS B6L 6M2",Kevin Harnish,902-896-5530,harnishk@ccrce.ca,Cobequid,95 KM,,,,CCRCE,,,,,,,,,,,,,"80 Mountain Lee Road, North River NS B6L 6M2, Canada",45.4007348,-63.2629033
,2025-03-28,Northport Consolidated Elementary,P - 6,"7110 Highway 366, Northport NS B0L 1E0",Angela Trenholm,902-661-2490,trenholma@ccrce.ca,Chignecto,188 KM,,,,CCRCE,,,,,,,,,,,,,"7110 Highway 366, Northport NS B0L 1E0, Canada",45.941073,-63.8719566
,,Oxford Regional Education Centre,PP - 12,"249 Lower Main Street, P.O. Box 340, Oxford NS B0M 1P0",Duane Starratt,902-447-4513,no,Chignecto,159 KM,,,,CCRCE,,,,,,,,,,,,,"249 Lower Main Street, P.O. Box 340, Oxford NS B0M 1P0, Canada",,
,,Parrsboro Regional Elementary,PP - 6,"43 School Street, P.O. Box 631, Parrsboro NS B0M 1S0",Denise Dickinson,902-254-5605,no,Chignecto,177 KM,,,,CCRCE,,,,,,,,,,,,,"43 School Street, P.O. Box 631, Parrsboro NS B0M 1S0, Canada",,
,2025-03-28,Rawdon District Elementary,PP - 6,"3713 Highway 354, Upper Rawdon NS B0N 2N0",Megan Logan,902-632-6660,loganme@ccrce.ca,Nova,46 KM,,,,CCRCE,,,,,,,,,,,,,"3713 Highway 354, Upper Rawdon NS B0N 2N0, Canada",45.0703595,-63.711543
,2025-03-28,Redcliff Middle,5 - 7,"33 Sunset Lane, Valley NS B6L 4K1",David Hazelton,902-896-5520,HazeltonD@ccrce.ca,Cobequid,95 KM,,,,CCRCE,,,,,,,,,,,,,"33 Sunset Lane, Valley NS B6L 4K1, Canada",45.3818828,-63.2185723
,,River Hebert District School,PP - 12,"2843 Barronsfield Road, River Hebert NS B0L 1G0",Jennifer Bruce,902-251-3200,no,Chignecto,212 KM,,,,CCRCE,,,,,,,,,,,,,"2843 Barronsfield Road, River Hebert NS B0L 1G0, Canada",45.692518,-64.3781215
,,Salt Springs Elementary,PP - 6,"2080 West River Station Road, Salt Springs NS B0K 1P0",Nancy Gallant,902-925-6000,no,Celtic,132 KM,,,,CCRCE,,,,,,,,,,,,,"2080 West River Station Road, Salt Springs NS B0K 1P0, Canada",45.532211,-62.8913276
,,Scotsburn Elementary,PP - 6,"Box 388, 4100 Scotsburn Road, Scotsburn NS B0K 1R0",Kim Tetreault,902-485-7980,no,Celtic,147 KM,,,,CCRCE,,,,,,,,,,,,,"Box 388, 4100 Scotsburn Road, Scotsburn NS B0K 1R0, Canada",,
,2025-03-28,Shubenacadie District Elementary,PP - 5,"54 Mill Village Road, Shubenacadie NS B0N 2H0",Jennifer Clarke,902-758-4600,clarkeje@gnspes.ca,Nova,53 KM,,,,CCRCE,,,,,,,,,,,,,"54 Mill Village Road, Shubenacadie NS B0N 2H0, Canada",45.0867389,-63.4132539
,,Spring Street Academy,PP - 6,"59 Spring Street, Amherst NS B4H 1S4",Nayo Upshaw,902-661-2499,no,Chignecto,191 KM,,,,CCRCE,,,,,,,,,,,,,"59 Spring Street, Amherst NS B4H 1S4, Canada",45.831342,-64.2025974
,,Springhill Elementary,PP - 6,"50 Princess Street, Springhill, NS B0M 1X0",Sheila Maddison-Alick,902-597-4240,no,Chignecto,175 KM,,,,CCRCE,,,,,,,,,,,,,"50 Princess Street, Springhill, NS B0M 1X0, Canada",45.6467594,-64.0496172
,2025-03-28,Springhill Junior-Senior High,7 - 12,"84 Church Street, P.O. Box 1060, Springhill NS B0M 1X0",Ryan Oulton,902-597-4250,oultonr@ccrce.ca,Chignecto,175 KM,,,,CCRCE,,,,,,,,,,,,,"84 Church Street, P.O. Box 1060, Springhill NS B0M 1X0, Canada",,
,2025-03-28,Tatamagouche Regional Academy,PP - 12,"92 Blair Avenue, Tatamagouche NS B0K 1V0",Jennifer MacDonald,902-657-6235,MacDonaldJR5@ccrce.ca,Cobequid,144 KM,,,,CCRCE,,,,,,,,,,,,,"92 Blair Avenue, Tatamagouche NS B0K 1V0, Canada",45.7125052,-63.2972735
,,Thorburn Consolidated School,PP - 8,"13 New Row, P.O. Box 211, Thorburn NS B0K 1W0",Stephen Barker,902-922-3840,no,Celtic,158 KM,,,,CCRCE,,,,,,,,,,,,,"13 New Row, P.O. Box 211, Thorburn NS B0K 1W0, Canada",,
,2025-03-28,Trenton Elementary,PP - 4,"10 Sixth Street, Trenton, NS B0K 1X0",Mark Fortune,902-755-8460, Fortunem@ccrce.ca,Celtic,154 KM,,,,CCRCE,,,,,,,,,,,,,"10 Sixth Street, Trenton, NS B0K 1X0, Canada",45.6164811,-62.6329295
,2025-03-28,Trenton Middle School,2024-05-08 00:00:00,"P. O. Box 10 37 Dickie Street, Trenton NS B0K 1X0",Shane Pitts,902-755-8440,PittsS@ccrce.ca,Celtic,154 KM,,,,CCRCE,,,,,,,,,,,,,"P. O. Box 10 37 Dickie Street, Trenton NS B0K 1X0, Canada",,
,2025-03-28,Truro Elementary,PP - 4,"125 Curtis Drive, Truro NS B2N 0C5",Kathy Weatherbee,902-896-5755,weatherbeekl@ccrce.ca,Cobequid,88 KM,,,,CCRCE,,,,,,,,,,,,,"125 Curtis Drive, Truro NS B2N 0C5, Canada",45.3474,-63.283235
,2025-03-28,Truro Middle School,5 - 8,"445 Young Street, Truro NS B2N 7H9",Tammy Fox,902-896-5550,FoxT@ccrce.ca,Cobequid,88 KM,,,,CCRCE,,,,,,,,,,,,,"445 Young Street, Truro NS B2N 7H9, Canada",45.3476471,-63.2712195
,2025-03-28,Uniacke District,PP - 9,"551 Highway 1, Mount Uniacke NS B0N 1Z0",Dawn Langille,902-866-5100,langilleld@ccrce.ca,Nova,28 KM,,Y,,CCRCE,,,,,,,,,,,,,"551 Highway 1, Mount Uniacke NS B0N 1Z0, Canada",44.8879371,-63.8223224
,,Upper Stewiacke Elementary,PP - 6,"5327 Highway 289, Upper Stewiacke NS B0N 2P0",Shawn Dalrymple,902-671-3000,no,Nova,104 KM,,,,CCRCE,,,,,,,,,,,,,"5327 Highway 289, Upper Stewiacke NS B0N 2P0, Canada",45.2202099,-62.995714
,2025-03-28,Valley Elementary,PP - 4,"96 Salmon River Road, Valley NS B6L 2S5",Natalie McInnis,902-896-5540,mcinnisnd@ccrce.ca,Cobequid,100 KM,,,,CCRCE,,,,,,,,,,,,,"96 Salmon River Road, Valley NS B6L 2S5, Canada",45.392874,-63.2041346
,,Wallace Consolidated,P - 6,"3853 Highway 307, Wallace NS B0K 1Y0",Dorian Dorn,902-257-6100,no,Chignecto,157 KM,,,,CCRCE,,,,,,,,,,,,,"3853 Highway 307, Wallace NS B0K 1Y0, Canada",45.81205,-63.4735405
,,Walter Duggan Consolidated,PP - 6,"2370 Spring Garden Road, Westville NS B0K 2A0",Guy Aucoin,902-396-2700,AucoinG@ccrce.ca,Celtic,144 KM,,,,CCRCE,,,,,,,,,,,,,"2370 Spring Garden Road, Westville NS B0K 2A0, Canada",45.5698782,-62.71883
,2025-03-28,West Colchester Consolidated,PP - 9,"27 Maple Avenue, Bass River NS B0M 1B0",Stephanie Boertjes,902-647-3500,BrownM@ccrce.ca,Cobequid,129 KM,,,,CCRCE,,,,,,,,,,,,,"27 Maple Avenue, Bass River NS B0M 1B0, Canada",45.4157543,-63.7797823
,,West Highlands Elementary,PP - 6,"18 Maltby Court, Amherst, NS B4H 2L6",Kirk Rioux,902-661-2420,no,Chignecto,190 KM,,,,CCRCE,,,,,,,,,,,,,"18 Maltby Court, Amherst, NS B4H 2L6, Canada",45.8184631,-64.2118273
,,West Pictou Consolidated,PP - 8,"1999 Highway 376, Lyon's Brook, Pictou NS B0K 1H0",Cindy Turner,902-485-7960,no,Celtic,146 KM,,,,CCRCE,,,,,,,,,,,,,"1999 Highway 376, Lyon's Brook, Pictou NS B0K 1H0, Canada",,
,2025-03-28,Winding River Consolidated,PP-6,"272 Kitchener Street, P.O. Box 249, Stewiacke NS BON 2JO",Clint Oakley,902-639-3199,Oakleyc@ccrce.ca,Nova,63 KM,,,,CCRCE,,,,,,,,,,,,,"272 Kitchener Street, P.O. Box 249, Stewiacke NS BON 2JO, Canada",,
,,,,,,,,,,,,,HRCE,,,,,,,,,,,,,"nan, Nova Scotia, Canada",46.247595,-60.5518042
,,Admiral Westphal Elementary School ,,,Jamie Cavanaugh,435-8305,,,,2024-11-12 00:00:00,,,HRCE,2025-03-28,jkavanaugh@hrce.ca,-,,2024-08-22,Sept 12,,,,,,,"nan, Nova Scotia, Canada",46.247595,-60.5518042
,,Alderney School ,,,Laura Dunn,464-2040,,,,2024-11-12 00:00:00,,,HRCE,2025-03-28,laura.dunn@hrce.ca,-,,2024-08-22,Sept 12,,,,,,,"nan, Nova Scotia, Canada",46.247595,-60.5518042
,,Ash Lee Jefferson Elementary School ,,,Lynn Mills,860-4163,,,,2024-11-12 00:00:00,,,HRCE,2025-03-28,lmills@hrce.ca,Jason Starratt,,2024-08-22,Sept 12,,,,,,,"nan, Nova Scotia, Canada",46.247595,-60.5518042
,,Astral Drive Elementary School ,,,Ken MacDonald,462-8500,,,,2024-11-12 00:00:00,,,HRCE,2025-03-28,ade@hrce.ca,Tanya MacNeil,,2024-08-22,Sept 12,,,,,,,"nan, Nova Scotia, Canada",46.247595,-60.5518042
,,Atlantic Memorial - Terence Bay Elementary School ,,,Carrie McBay,852-2166,,,,X,,,HRCE,2025-03-28,cmcbay@hrce.ca,Lisa MacDonald,,2024-08-22,Sept 12,,,,,,,"nan, Nova Scotia, Canada",46.247595,-60.5518042
,,Atlantic View Elementary School ,,,Carole DesBarres,(902) 464-5245,,,,2024-11-13 00:00:00,,,HRCE,2025-03-28,cdesbarres@hrce.ca,Lisa Nicholson,,2024-08-22,Sept 12,,,,,,,"nan, Nova Scotia, Canada",46.247595,-60.5518042
y,,Basinview Drive Elementary School,,,Tom Cleary,832-8450,,,,X,,,HRCE,,bdcs@hrce.ca,Chris Dawson,,2024-08-22,Sept 12,,,Fall 24,,,,"nan, Nova Scotia, Canada",46.247595,-60.5518042
,,Beaver Bank-Kinsac Elementary School ,,,Kelly Clarke,864-6805,,,,2024-11-12 00:00:00,,,HRCE,2025-03-28,kclarke@hrce.ca,Amanda Frost,,2024-08-22,Sept 12,,,,,,,"nan, Nova Scotia, Canada",46.247595,-60.5518042
,,Beaver Bank-Monarch Drive Elementary School ,,,Lisa Taylor,864-7540,,,,2024-11-12 00:00:00,,,HRCE,2025-03-28,ltaylor@hrce.ca,Chelsea Foley,,2024-08-22,Sept 12,,,,,,,"nan, Nova Scotia, Canada",46.247595,-60.5518042
,,Bedford South School ,,,Tracy Foster,832-5800,,,,2024-11-13 00:00:00,,,HRCE,2025-03-28,bedfords@hrce.ca,Shauna Boudreau,,2024-08-22,Sept 12,,,,,,,"nan, Nova Scotia, Canada",46.247595,-60.5518042
,,Bel Ayr Elementary School ,,,Shawn Marsh,435-8353,,,,2024-11-12 00:00:00,,,HRCE,2025-03-28,smarsh@hrce.ca,Karin Hendren,,2024-08-22,Sept 12,,,,,,,"nan, Nova Scotia, Canada",46.247595,-60.5518042
,,Bell Park Academic Centre ,,,Tara Rutledge,829-2388,,,,2024-11-13 00:00:00,,,HRCE,2025-03-28,bpac@hrsb.ns.ca,Angela MacNeil,,2024-08-22,Sept 12,,,,,,,"nan, Nova Scotia, Canada",46.247595,-60.5518042
,,Bicentennial School ,,,Trevor McGowan,464-2094,,,,2024-11-12 00:00:00,,,HRCE,2025-03-28,tmcgowan@hrce.ca,William Hughes,,2024-08-22,Sept 12,,,,,,,"nan, Nova Scotia, Canada",46.247595,-60.5518042
,,BLT Jr.,,,Albert Williams,876-3236,,,,2024-11-13 00:00:00,,,HRCE,2025-03-28,bltjr@hrce.ca,Cali Huczel,,2024-08-22,Sept 12,,,,,,,"nan, Nova Scotia, Canada",46.247595,-60.5518042
,,BLT Sr.,,,Craig Myra,876-3230,,,,2024-11-13 00:00:00,,,HRCE,2025-03-28,blt@hrce.ca,Tracy Quinn,,2024-08-22,Sept 12,,,,,,,"nan, Nova Scotia, Canada",46.247595,-60.5518042
,,Brookhouse Elementary School ,,,Tyler Rutledge,435-8318,,,,2024-11-12 00:00:00,,,HRCE,2025-03-28,bes@hrce.ca,Ms Muzzerall,,2024-08-22,Sept 12,,,,,,,"nan, Nova Scotia, Canada",46.247595,-60.5518042
,,Burton Ettinger School,,,Janice Graham,457-8922,,,,2024-11-12 00:00:00,,,HRCE,2025-03-28,Jgraham@hrce.ca,Stephanie Kenney,,2024-08-22,Sept 12,,,,,,,"nan, Nova Scotia, Canada",46.247595,-60.5518042
,,Caldwell Road Elementary School ,,,Mamoona Brace,462-6010,,,,2024-11-12 00:00:00,,,HRCE,2025-03-28,MBrace@hrce.ca,Kim Stobo,,2024-08-22,Sept 12,,,,,,,"nan, Nova Scotia, Canada",46.247595,-60.5518042
y,,Caudle Park Elementary School ,,,Emilie Tsirigotis,864-6864,,,,X,,,HRCE,,etsirigotis@hrce.ca,Eleanor Sperry,,2024-08-22,,,,Fall 24,,,,"nan, Nova Scotia, Canada",46.247595,-60.5518042
,,Cavalier Drive School,,,Neil Daigle,864-7524,,,,2024-11-12 00:00:00,,,HRCE,,ndaigle@hrce.ca,Lynn Doyle,,2024-08-22,Sept 12,,,,,,,"nan, Nova Scotia, Canada",46.247595,-60.5518042
y,,Central Spryfield School ,,,Karen Muldowney Doran,(902) 479-4286,,,,2024-11-13 00:00:00,,,HRCE,,kmuldowney-doran@hrce.ca,Marianne Wyllie,,2024-08-22,Sept 12,,Sept 16,,,,,"nan, Nova Scotia, Canada",46.247595,-60.5518042
y,,Chebucto Heights Elementary School ,,,Nancy Bradfield,479-4298,,,,X,,,HRCE,,nbradfield@hrce.ca,Cynthia Rigby,,2024-08-22,,,,Fall 24,,,,"nan, Nova Scotia, Canada",46.247595,-60.5518042
y,,Colby Village Elementary School,,,Robert Caume,464-5152,,,,X,,,HRCE,,rcaume@hrce.ca,Naomi Kelloway,,2024-08-22,,,,Fall 24,,,,"nan, Nova Scotia, Canada",46.247595,-60.5518042
,,Colonel John Stuart Elementary School ,,,Angela Thorpe,464-5200,,,,2024-11-12 00:00:00,,,HRCE,2025-03-28,ThorpeA@hrce.ca,Devin Ashley,,2024-08-22,Sept 12,,,,,,,"nan, Nova Scotia, Canada",46.247595,-60.5518042
y,,Crichton Park School,,,Suzanne Hawkes,464-2503,,,,X,,,HRCE,,crichton@hrce.ca,Tracy Macdonald,,2024-08-22,Sept 12,,,Fall 24,,,,"nan, Nova Scotia, Canada",46.247595,-60.5518042
,,Dartmouth South Academy -formerly Southdale-North Woodside ,,,Adrienne Blumenthal,464-2081,,,,2024-11-13 00:00:00,,,HRCE,2025-03-28,ABlumenthal@hrsb.ca,Susan Aucoin/Ashley Grant,,2024-08-22,Sept 12,,,,,,,"nan, Nova Scotia, Canada",46.247595,-60.5518042
,,Duc d'Anville Elementary School,,,Amy Weedon,457-8940,,,,2024-11-13 00:00:00,,,HRCE,2025-03-28,aweedon@hrce.ca,Janet Roy,,2024-08-22,Sept 12,,,,,,,"nan, Nova Scotia, Canada",46.247595,-60.5518042
,,Dutch Settlement Elementary School ,,,Tina Richard,,,,,2024-11-13 00:00:00,,,HRCE,2025-03-28,crichard@hrce.ca,Heather Harnish,,2024-08-22,Sept 12,,,,,,,"nan, Nova Scotia, Canada",46.247595,-60.5518042
,,East St. Margarets Elementary School ,,,David O'Brien,823-2463,,,,2024-11-13 00:00:00,,,HRCE,2025-03-28,dobrien@hrce.ca,,,2024-08-22,Sept 12,,,,,,,"nan, Nova Scotia, Canada",46.247595,-60.5518042
,,Elizabeth Sutherland School ,,,Sara Walker,479-4427,,,,2024-11-12 00:00:00,,,HRCE,2025-03-28,swalker@hrce.ca,Craig Nelson,,2024-08-22,Sept 12,,,,,,,"nan, Nova Scotia, Canada",46.247595,-60.5518042
,,Fairview Heights School ,,,Shauna MacMullin,457-8953,,,,2024-11-12 00:00:00,,,HRCE,2025-03-28,smacmullin@hrce.ca,Chris Heisler,,2024-08-22,Sept 12,,,,,,,"nan, Nova Scotia, Canada",46.247595,-60.5518042
,,George Bissett Elementary School ,,,Jimmy Hurley,464-5184,,,,2024-11-12 00:00:00,,,HRCE,2025-03-28,jhurley@hrce.ca,Heather Conrad,,2024-08-22,Sept 12,,,,,,,"nan, Nova Scotia, Canada",46.247595,-60.5518042
,,Grosvenor-Wentworth Park Elementary School ,,,Brendan MacGillivray,,,,,2024-11-12 00:00:00,,,HRCE,2025-03-28,bmacgillivray@hrce.ca,Ashley Matthews,,2024-08-22,Sept 12,,,,,,,"nan, Nova Scotia, Canada",46.247595,-60.5518042
,,Hammonds Plains Consolidated School ,,,Lynn Corkum,832-8412,,,,2024-11-12 00:00:00,,,HRCE,2025-03-28,lcorkum@hrce.ca,Andrea Marsman,,2024-08-22,Sept 12,,,,,,,"nan, Nova Scotia, Canada",46.247595,-60.5518042
,,Harbour View Elementary School ,,,Dan Fournier,,,,,2024-11-12 00:00:00,,,HRCE,2025-03-28,dfournier@hrce.ca,Kim Roberts,,2024-08-22,Sept 12,,,,,,,"nan, Nova Scotia, Canada",46.247595,-60.5518042
y,,Harrietsfield Elementary School ,,,Paula Little,479-4230,,,,2024-11-12 00:00:00,,,HRCE,,PLittle@hrce.ca,Julie Welsh,,2024-08-22,Sept 12,,,,,,,"nan, Nova Scotia, Canada",46.247595,-60.5518042
,,Harry R. Hamilton Elementary School ,,,Jennifer Cholock-Whitty,864-6815,,,,2024-11-12 00:00:00,,,HRCE,2025-03-28,JCholock-Whitty@hrce.ca,Kara MacGillivray,,2024-08-22,Sept 12,,,,,,,"nan, Nova Scotia, Canada",46.247595,-60.5518042
,,Hawthorn Elementary School ,,,Anne Gourlay,464-2048,,,,2024-11-12 00:00:00,,,HRCE,2025-03-28,agourlay@hrce.ca,Candice Bambury,,2024-08-22,Sept 12,,,,,,,"nan, Nova Scotia, Canada",46.247595,-60.5518042
,,Hillside Park Elementary School ,,,Jacqulyn Reid,864-6873,,,,2024-11-12 00:00:00,,,HRCE,2025-03-28,jacqulyn.reid@hrce.ca,Emily Ripley Davis,,2024-08-22,Sept 12,,,,,,,"nan, Nova Scotia, Canada",46.247595,-60.5518042
,,Holland Road Elementary School ,,,Kellie West,860-4170,,,,2024-11-12 00:00:00,,,HRCE,2025-03-28,kwest@hrce.ca,Diana Trider,,2024-08-22,Sept 12,,,,,,,"nan, Nova Scotia, Canada",46.247595,-60.5518042
y,,Horizon Elementary School,,,Nancy Liberatore,(902) 465-8651,,,,2024-11-12 00:00:00,,,HRCE,,nliberatore@hrce.ca,Lisa Greenwood,,2024-08-22,Sept 12,,,,,,,"nan, Nova Scotia, Canada",46.247595,-60.5518042
,,Humber Park Elementary School ,,,Carmel Mitchell,464-5177,,,,2024-11-12 00:00:00,,,HRCE,2025-03-28,Carmel.Mitchell@hrce.ca,Latia Dunn,,2024-08-22,Sept 12,,,,,,,"nan, Nova Scotia, Canada",46.247595,-60.5518042
,,Ian Forsyth Elementary School ,,,Angela Yerxa-Weeks,435-8435,,,,2024-11-12 00:00:00,,,HRCE,2025-03-28,ayerxa@hrce.ca,Tracey Johnson,,2024-08-22,Sept 12,,,,,,,"nan, Nova Scotia, Canada",46.247595,-60.5518042
,,Inglis Street Elementary School ,,,Matthew Hartlen,421-6767,,,,2024-11-12 00:00:00,,,HRCE,2025-03-28,hartlenm@hrce.ca,Becky Campbell,,2024-08-22,Sept 12,,,,,,,"nan, Nova Scotia, Canada",46.247595,-60.5518042
,,John MacNeil Elementary School ,,,Jan Gillespie,464-2488,,,,2024-11-12 00:00:00,,,HRCE,2025-03-28,jgillespie@hrce.ca,Neil Finley,,2024-08-22,Sept 12,,,,,,,"nan, Nova Scotia, Canada",46.247595,-60.5518042
,,John W. MacLeod ,,,Tracy Marchand,479-4437,,,,2024-11-12 00:00:00,,,HRCE,2025-03-28,tmarchand@hrce.ca,Denise Jarvis,,2024-08-22,Sept 12,,,,,,,"nan, Nova Scotia, Canada",46.247595,-60.5518042
,,Joseph Giles Elementary School ,,,John Fry,464-5192,,,,,,,HRCE,,jfry@hrce.ca,Venessa Ewing,,2024-08-22,Sept 12,,Not interested,,,,,"nan, Nova Scotia, Canada",46.247595,-60.5518042
,,Joseph Howe Elementary School ,,,Michael MacDonald,,,,,2024-11-12 00:00:00,,,HRCE,2025-03-28,michaelmacdonald@hrce.ca,Phillip Thomas,,2024-08-22,Sept 12,,,,,,,"nan, Nova Scotia, Canada",46.247595,-60.5518042
,,Kingswood Elementary School ,,,Andrea Briand,832-5522,,,,2024-11-12 00:00:00,,,HRCE,2025-03-28,abriand@hrce.ca,Martha Walsh,,2024-08-22,Sept 12,,,,,,,"nan, Nova Scotia, Canada",46.247595,-60.5518042
,,LeMarchant-St. Thomas ,,,Moira Cavanaugh,421-6769,,,,2024-11-12 00:00:00,,,HRCE,2025-03-28,mcavanaugh@hrce.ca,Gabe Rose,,2024-08-22,Sept 12,,,,,,,"nan, Nova Scotia, Canada",46.247595,-60.5518042
,,Marine Drive Academy (Sheet Harbour),,,A Verge,(902) 885-2777,,,,x,,,HRCE,2025-03-28,vergea@hrce.ca,A Smith,,2024-08-22,Sept 12,,,,,,,"nan, Nova Scotia, Canada",46.247595,-60.5518042
,,Michael Wallace,,,Stephanie Lockhart,435-8357,,,,2024-11-12 00:00:00,,,HRCE,2025-03-28,slockhart@hrce.ca,,,2024-08-22,Sept 12,,,,,,,"nan, Nova Scotia, Canada",46.247595,-60.5518042
,,Millwood Elementary School ,,,Michelle Andrews,902 864-7510,,,,2024-11-12 00:00:00,,,HRCE,2025-03-28,mandrews@hrce.ca,Christine Richardson,,2024-08-22,Sept 12,,,,,,,"nan, Nova Scotia, Canada",46.247595,-60.5518042
,,Mount Edward Elementary School ,,,Lori Bartkiw,435-8459,,,,2024-11-12 00:00:00,,,HRCE,2025-03-28,lbartkiw@hrce.ca,Cindy Coffin Were,,2024-08-22,Sept 12,,,,,,,"nan, Nova Scotia, Canada",46.247595,-60.5518042
,,Musquodoboit Valley Education Centre ,,,Troy Smith,,,,,x,,,HRCE,2025-03-28,tsmith@hrce.ca,Andrea MacAulay,,2024-08-22,Sept 12,,,,,,,"nan, Nova Scotia, Canada",46.247595,-60.5518042
,,Nelson Whynder Elementary School ,,,April Desmon,,,,,2024-11-12 00:00:00,,,HRCE,2025-03-28,ADesmond@hrce.ca,Christian Head,,2024-08-22,Sept 12,2025-01-14,,,,,,"nan, Nova Scotia, Canada",46.247595,-60.5518042
,,O'Connell Drive Elementary School ,,,Dave Emin,827-4112,,,,2024-11-13 00:00:00,,,HRCE,2025-03-28,demin@hrce.ca,Marlene Nolet,,2024-08-22,Sept 12,2025-01-14,,,,,,"nan, Nova Scotia, Canada",46.247595,-60.5518042
,,Ocean View Elementary School ,,,Andrea Temple,465-8670,,,,2024-11-12 00:00:00,,,HRCE,2025-03-28,atemple@hrce.ca,Keri McLeod,,2024-08-22,Sept 12,2025-01-14,,,,,,"nan, Nova Scotia, Canada",46.247595,-60.5518042
,,Oldfield Consolidated School,,,Aaron Cannon,883-3010,,,,2024-11-12 00:00:00,,,HRCE,2025-03-28,acannon@hrce.ca,Marsha Donahoe,,2024-08-22,Sept 12,2025-01-14,,,,,,"nan, Nova Scotia, Canada",46.247595,-60.5518042
,,Oxford School ,,,Ryan Lamont,421-6763,,,,2024-11-13 00:00:00,,,HRCE,2025-03-28,jlamont@hrce.ca,Roslyn Young,,2024-08-22,Sept 12,2025-01-14,,,,,,"nan, Nova Scotia, Canada",46.247595,-60.5518042
,,Oyster Pond Academy ,,,Robin Legge,889-4300,,,,x,,,HRCE,2025-03-28,rlegge@hrce.ca,Kelly Hale,,2024-08-22,Sept 12,,,,,,,"nan, Nova Scotia, Canada",46.247595,-60.5518042
EOY Show 2024,,Park West School ,,,Benedette Anyanwu,457-7800,,,,2024-11-13 00:00:00,,,HRCE,,banyanwu@hrce.ca,Andrew Stone/Abby Ferguson,,2024-08-22,Sept 12,2025-01-14,,,,,,"nan, Nova Scotia, Canada",46.247595,-60.5518042
,,Porters Lake Elementary School,,,Tina Waterhouse-Campbell,827-2525,,,,2024-11-13 00:00:00,,,HRCE,2025-03-28,twaterhouse-campbell@hrce.ca,N. MacDonald,,2024-08-22,Sept 12,,,,,,,"nan, Nova Scotia, Canada",46.247595,-60.5518042
EOY Show 2024,,Portland Estates Elementary School ,,,Louise Henman-Poirier,433-7100,,,,2024-11-12 00:00:00,,,HRCE,,lhpoirier@hrce.ca,Jaqueline Broussard,,2024-08-22,Sept 12,2025-01-14,,,,,,"nan, Nova Scotia, Canada",46.247595,-60.5518042
y,,Prospect Road Elementary School ,,,Kim Michaud,852-2441,,,,2024-11-13 00:00:00,,,HRCE,,kmichaud@hrce.ca,Malena Matthews,,2024-08-22,Sept 12,,,,,,,"nan, Nova Scotia, Canada",46.247595,-60.5518042
,,Robert Kemp Turner Elementary School ,,,Becky Stickings,464-5205,,,,2024-11-12 00:00:00,,,HRCE,2025-03-28,rstickings@hrce.ca,,,2024-08-22,Sept 12,2025-01-14,,,,,,"nan, Nova Scotia, Canada",46.247595,-60.5518042
,,Rockingham Elementary School ,,,Rosie Bona,457-8986,,,,2024-11-13 00:00:00,,,HRCE,2025-03-28,rbona@hrce.ca,Sarah Parker,,2024-08-22,Sept 12,2025-01-14,,,,,,"nan, Nova Scotia, Canada",46.247595,-60.5518042
,,Rockingstone Heights School ,,,Michael Corbett,479.4452,,,,2024-11-12 00:00:00,,,HRCE,2025-03-28,mcorbett@hrce.ca,Kimberly Best-Janes,,2024-08-22,Sept 12,2025-01-14,,,,,,"nan, Nova Scotia, Canada",46.247595,-60.5518042
,,Rocky Lake Elementary,,,Ivan Skeete,(902) 832-8907,,,,2024-11-12 00:00:00,,,HRCE,2025-03-28,iskeete@hrce.ca,Heather Day,,2024-08-22,Sept 12,2025-01-14,,,,,,"nan, Nova Scotia, Canada",46.247595,-60.5518042
,,Ross Road School ,,,Kim LeBlanc,462-8340,,,,2024-11-13 00:00:00,,,HRCE,2025-03-28,kleblanc@hrce.ca,Alana Conrad,,2024-08-22,Sept 12,2025-01-14,,,,,,"nan, Nova Scotia, Canada",46.247595,-60.5518042
,,Sackville Heights Elementary School ,,,Rachael Webster,869-4700,,,,2024-11-12 00:00:00,,,HRCE,2025-03-28,rwebster@hrce.ca,Lisa Gray,,2024-08-22,Sept 12,2025-01-14,,,,,,"nan, Nova Scotia, Canada",46.247595,-60.5518042
,,Saint Mary's ,,,Katrina Longard,421-6749,,,,2024-11-13 00:00:00,,,HRCE,2025-03-28,klongard@hrce.ca,,,2024-08-22,Sept 12,2025-01-14,,,,,,"nan, Nova Scotia, Canada",46.247595,-60.5518042
,,Sambro Elementary School ,,,Colette Strome,868-2296,,,,2024-11-12 00:00:00,,,HRCE,2025-03-28,cstrome@hrce.ca,admin: Tracy Macdonald,,2024-08-22,Sept 12,,,,,,,"nan, Nova Scotia, Canada",46.247595,-60.5518042
,,Seaside Elementary School ,,,R Rossi,465-7600,,,,2024-11-13 00:00:00,,,HRCE,2025-03-28,rrossi@hrce.ca,L Sim,,2024-08-22,Sept 12,,,,,,,"nan, Nova Scotia, Canada",46.247595,-60.5518042
y,,Shannon Park Elementary School,,,Carol Anne Larade,464-2084,,,,x,,,HRCE,,clarade@hrce.ca,Adele Hazel,,2024-08-22,Sept 12,,,,,,,"nan, Nova Scotia, Canada",46.247595,-60.5518042
,,Shatford Memorial Elementary School ,,,Sarah Wile,857-4200,,,,x,,,HRCE,2025-03-28,swile@hrsb.ca,,,2024-08-22,Sept 12,,,,,,,"nan, Nova Scotia, Canada",46.247595,-60.5518042
,,Sir Charles Tupper School ,,,Angela Comeau,421-6775,,,,2024-11-13 00:00:00,,,HRCE,2025-03-28,acomeau@hrce.ca,Andrea Fader,,2024-08-22,Sept 12,,,,,,,"nan, Nova Scotia, Canada",46.247595,-60.5518042
,,Smokey Drive Elementary School ,,,Jeannie Miller,864-6838,,,,2024-11-12 00:00:00,,,HRCE,2025-03-28,jean.miller@hrce.ca,Carolyn LeBlanc,,2024-08-22,Sept 12,2025-01-14,,,,,,"nan, Nova Scotia, Canada",46.247595,-60.5518042
,,South Woodside Elementary School ,,,Divya Haase MacLeod,464-2090,,,,2024-11-13 00:00:00,,,HRCE,2025-03-28,dhaase@hrce.ca,Kimberly Sparks,,2024-08-22,Sept 12,,,,,,,"nan, Nova Scotia, Canada",46.247595,-60.5518042
,,Springvale Elementary School ,,,Michelle Lamont,479-4606,,,,2024-11-13 00:00:00,,,HRCE,2025-03-28,mlamont@hrce.ca,Laurie Slaunwhite,,2024-08-22,Sept 12,2025-01-14,,,,,,"nan, Nova Scotia, Canada",46.247595,-60.5518042
,,St. Catherine's ,,,Stephen Driscoll,493-5143,,,,2024-11-13 00:00:00,,,HRCE,2025-03-28,sdriscoll@hrce.ca,Andrea MacDonald,,2024-08-22,Sept 12,2025-01-14,,,,,,"nan, Nova Scotia, Canada",46.247595,-60.5518042
,,St. Joseph's ,,,Cheyenne Gorman- Tolliver (acting),493-5180,,,,2024-11-13 00:00:00,,,HRCE,2025-03-28,CGorman-tolliver@hrce.ca,Katie Mott (Acting),,2024-08-22,Sept 12,,,,,,,"nan, Nova Scotia, Canada",46.247595,-60.5518042
EOY Show 2024,,St. Margaret's Bay Elementary School ,,,Kelly Joy,826-3300,,,,2024-11-13 00:00:00,,,HRCE,,KJoy@hrce.ca,Lynn Reichheld,,2024-08-22,Sept 12,,,,,,,"nan, Nova Scotia, Canada",46.247595,-60.5518042
y,,St. Stephen's Elementary School,,,David Madgett,493-5155,,,,x,,,HRCE,,dmadgett@hrce.ca,Nicole Gerrard,,2024-08-22,Sept 12,,Sept 16,,,,,"nan, Nova Scotia, Canada",46.247595,-60.5518042
,,Sunnyside Elementary School ,,,Carolyn Thompson,832-8983,,,,2024-11-13 00:00:00,,,HRCE,2025-03-28,cthompson@hrce.ca,Natalie MacDonald,,2024-08-22,Sept 12,,,,,,,"nan, Nova Scotia, Canada",46.247595,-60.5518042
,,Sunnyside Elementary School (Fort Sackville),,,"""",,,,,,,,HRCE,2025-03-28,,"""",,2024-08-22,Sept 12,,,,,,,"nan, Nova Scotia, Canada",46.247595,-60.5518042
,,Sycamore Lane,,,Shauna Boudreau,864-6730,,,,x,,,HRCE,2025-03-28,Sboudreau@hrce.ca,Lindsay Spence,,2024-08-22,Sept 12,,,,,,,"nan, Nova Scotia, Canada",46.247595,-60.5518042
,,Tantallon Elementary School (JR.),,,Ken Rutley,826-1204,,,,2024-11-13 00:00:00,,,HRCE,2025-03-28,krutley@hrce.ca,Lydie Gascuel O'Brien,,2024-08-22,Sept 12,,,,,,,"nan, Nova Scotia, Canada",46.247595,-60.5518042
,,Tantallon Elementary School (SR.),,,Grant Davy,826-1200,,,,2024-11-13 00:00:00,,,HRCE,2025-03-28,gdavy@hrce.ca,Shawna Penny,,2024-08-22,Sept 12,,,,,,,"nan, Nova Scotia, Canada",46.247595,-60.5518042
,,Upper Musquodoboit Consolidated School ,,,Troy Smith,568-2285,,,,x,,,HRCE,2025-03-28,tsmith@hrce.ca,Andrea MacAulay,,2024-08-22,Sept 12,,,,,,,"nan, Nova Scotia, Canada",46.247595,-60.5518042
,,Waverley Memorial ,,,Karla Wolfe,860-4150,,,,2024-11-13 00:00:00,,,HRCE,2025-03-28,kwolfe@hrce.ca,Jennifer van der Weegen,,2024-08-22,Sept 12,2025-01-14,,,,,,"nan, Nova Scotia, Canada",46.247595,-60.5518042
y,,Westmount Elementary School,,,Teri Colter,493-5164,,,,x,,,HRCE,,teri.colter@hrce.ca,Greg White,,2024-08-22,Sept 12,,Sept 16,Fall 24,,,,"nan, Nova Scotia, Canada",46.247595,-60.5518042
,,West Bedford School,,,Susan Casey,902-405-0337,,,,2024-11-13 00:00:00,,,HRCE,2025-03-28,scasey@hrce.ca,Courtney Smith (p-3),,2024-08-22,Sept 12,2025-01-14,,,,,,"nan, Nova Scotia, Canada",46.247595,-60.5518042
,,William King Elementary School ,,,Catherine Bouliane,479-4200,,,,2024-11-13 00:00:00,,,HRCE,2025-03-28,cbouliane@hrce.ca,Christopher Longaphy,,2024-08-22,Sept 12,2025-01-14,,,,,,"nan, Nova Scotia, Canada",46.247595,-60.5518042
,,Aspotogan Consolidated,,,Emily Archibald,9028572600,,,,,,,SSRCE,,acesprincipal@ssrce.ca,,,,,,,,,2025-03-28,,"nan, Nova Scotia, Canada",46.247595,-60.5518042
,,Bayview Community,,,Lamar Eason,9026242120,,,,,,,SSRCE,,bcsprincipal@ssrce.ca,,,,,,,,,2025-03-28,,"nan, Nova Scotia, Canada",46.247595,-60.5518042
,,Big Tancook Elementary,,,Ellen Smith,9022757985,,,,,,,SSRCE,,btesprincipal@ssrce.ca,,,,,,,,,2025-03-28,,"nan, Nova Scotia, Canada",46.247595,-60.5518042
,,Bluenose Academy,,,Marija Abramenko,902-634-2200,,,,,,,SSRCE,,baprincipal@ssrce.ca,,,,,,,,,2025-03-28,,"nan, Nova Scotia, Canada",46.247595,-60.5518042
,,Bridgewater Elementary,,,Lindsay Willow,902-541-8240,,,,,,,SSRCE,,besprincipal@ssrce.ca,,,,,,,,,2025-03-28,,"nan, Nova Scotia, Canada",46.247595,-60.5518042
,,Chester District,,,Melissa Willman,902-275-2750,,,,,,,SSRCE,,cdsprincipal@ssrce.ca,,,,,,,,,2025-03-28,,"nan, Nova Scotia, Canada",46.247595,-60.5518042
,,Dr. John C. Wickwire Academy,,,Stacy Lovell,902-354-7660,,,,,,,SSRCE,,djcwaprincipal@ssrce.ca,,,,,,,,,2025-03-28,,"nan, Nova Scotia, Canada",46.247595,-60.5518042
,,Greenfield Elementary,,,Cindy Arsenault,902-685-5400,,,,,,,SSRCE,,nqgesprincipal@ssrce.ca,,,,,,,,booked show,2025-03-28,,"nan, Nova Scotia, Canada",46.247595,-60.5518042
,,Hebbville Academy,,,Jeff Sylvester,902-541-8280,,,,,,,SSRCE,,haprincipal@ssrce.ca,,,,,,,,EOY Show 2024,,yes,"nan, Nova Scotia, Canada",46.247595,-60.5518042
,,New Germany Elementary,,,Angela Stewart,902-644-5020,,,,,,,SSRCE,,ngesprincipal@ssrce.ca,,,,,,,,,2025-03-28,,"nan, Nova Scotia, Canada",46.247595,-60.5518042
,,Newcombville Elementary,,,Jennifer Lemire,902-541-8230,,,,,,,SSRCE,,nesprincipal@ssrce.ca,,,,,,,,,2025-03-28,,"nan, Nova Scotia, Canada",46.247595,-60.5518042
,,New Ross Consolidated,,,Carolynn Roberts,902-689-6100,,,,,,,SSRCE,,nrcsprincipal@ssrce.ca,,,,,,,,,2025-03-28,,"nan, Nova Scotia, Canada",46.247595,-60.5518042
,,North Queens Community School,,,Cindy Arsenault,902-682-3500,,,,,,,SSRCE,,nqgesprincipal@ssrce.ca,,,,,,,,booked show,2025-03-28,,"nan, Nova Scotia, Canada",46.247595,-60.5518042
,,Pentz Elementary,,,Marina Stewart,902-688-3210,,,,,,,SSRCE,,pesprincipal@ssrce.ca,,,,,,,,EOY Show 2024,,yes,"nan, Nova Scotia, Canada",46.247595,-60.5518042
,,Petite Riviere Elementary,,,Scott Rawding,902-688-3200,,,,,,,SSRCE,,presprincipal@ssrce.ca,,,,,,,,,2025-03-28,,"nan, Nova Scotia, Canada",46.247595,-60.5518042
,,West Northfield Elementary,,,Sarah Baker,902-541-8220,,,,,,,SSRCE,,wnesprincipal@ssrce.ca,,,,,,,,,2025-03-28,,"nan, Nova Scotia, Canada",46.247595,-60.5518042
,,West Highlands,,,Kirk Rioux,,,,,,,,Amherst,,,,,,,,,,,,,"nan, Nova Scotia, Canada",46.247595,-60.5518042
,,Arnold H McLeod,,,,506-856-3222,,,,,,,Moncton,,asdeinfo@nbed.nb.ca,,,,,,,,,2025-03-28,,"nan, Nova Scotia, Canada",46.247595,-60.5518042
,,Beaverbrook School,,,,506-856-3403,,,,,,,Moncton,,BeaverbrookSchool@nbed.nb.ca,,,,,,,,,2025-03-28,,"nan, Nova Scotia, Canada",46.247595,-60.5518042
,,Birchmount school,,,,506-856-3405,,,,,,,Moncton,,birchmount@nbed.nb.ca,,,,,,,,,2025-03-28,,"nan, Nova Scotia, Canada",46.247595,-60.5518042
,,Salem Elementary,,,,506-364-4072,,,,,,,Moncton,,SalemElementary@nbed.nb.ca,,,,,,,,,2025-03-28,,"nan, Nova Scotia, Canada",46.247595,-60.5518042
y,,Salisbury Elementary,,,,506-372-3207,,,,,,,Moncton,,SalisburyElementary@nbed.nb.ca,,,,,,,,,,,"nan, Nova Scotia, Canada",46.247595,-60.5518042
,,Forest Glen,,,,506-856-3414,,,,,,,Moncton,,forestglenschool.nbed.nb.ca,,,,,,,,,2025-03-28,,"nan, Nova Scotia, Canada",46.247595,-60.5518042
,,Claude D Taylor,,,,506-856-3467,,,,,,,Moncton,,claudedtaylor.nbed.nb.ca,,,,,,,,,2025-03-28,,"nan, Nova Scotia, Canada",46.247595,-60.5518042
y,,Evergreen Park,,,,506-856-3476,,,,,,,Moncton,,EvergreenPark@nbed.nb.ca,,,,,,,,,,,"nan, Nova Scotia, Canada",46.247595,-60.5518042
y,,Frank L Bowser,,,,506-856-3450,,,,,,,Moncton,,FrankLBowser@nbed.nb.ca,,,,,,,,,,,"nan, Nova Scotia, Canada",46.247595,-60.5518042
,,Lou MacNarin,,,,506-856-3411,,,,,,,Moncton,,LouMacNarin@nbed.nb.ca,,,,,,,,,2025-03-28,,"nan, Nova Scotia, Canada",46.247595,-60.5518042
,,Mountain View,,,,506-856-3441,,,,,,,Moncton,,MountainView@nbed.nb.ca,,,,,,,,,2025-03-28,,"nan, Nova Scotia, Canada",46.247595,-60.5518042
EOY Show 2024,,Northrop Frye,,,,506-856-3062,,,,,,,Moncton,,NorthropFrye@nbed.nb.ca,,,,,,,,,,,"nan, Nova Scotia, Canada",46.247595,-60.5518042
,,Riverside Consolidated,,,,506-882-3002,,,,,,,Moncton,,RiversideConsolidated@nbed.nb.ca,,,,,,,,,2025-03-28,,"nan, Nova Scotia, Canada",46.247595,-60.5518042
,,West Riverview,,,,506-856-3451,,,,,,,Moncton,,WestRiverview@nbed.nb.ca,,,,,,,,,2025-03-28,,"nan, Nova Scotia, Canada",46.247595,-60.5518042
,,Bessborough School,,,,506-856-3404,,,,,,,Moncton,,Bessborough@nbed.nb.ca,,,,,,,,,2025-03-28,,"nan, Nova Scotia, Canada",46.247595,-60.5518042
,,Dorchester Consolidated,,,,506-379-3000,,,,,,,Moncton,,DorchesterConsolidated@nbed.nb.ca,,,,,,,,,2025-03-28,,"nan, Nova Scotia, Canada",46.247595,-60.5518042
y,,Edith Cavell,,,,506-856-3473,,,,,,,Moncton,,EdithCavell@nbed.nb.ca,,,,,,,,,,,"nan, Nova Scotia, Canada",46.247595,-60.5518042
,,Havelock Elementary,,,,506-534-2000,,,,,,,Moncton,,Havelock@nbed.nb.ca,,,,,,,,,2025-03-28,,"nan, Nova Scotia, Canada",46.247595,-60.5518042
,,Magnetic Hill,,,,506-856-3428,,,,,,,Moncton,,MagneticHill@nbed.nb.ca,,,,,,,,,2025-03-28,,"nan, Nova Scotia, Canada",46.247595,-60.5518042
,,Port Elgin Regional,,,,506-538-2121,,,,,,,Moncton,,portelgin.nbed.nb.ca,,,,,,,,,2025-03-28,,"nan, Nova Scotia, Canada",46.247595,-60.5518042
,,Queen Elizabeth,,,,506-856-3447,,,,,,,Moncton,,QueenElizabeth@nbed.nb.ca,,,,,,,,,2025-03-28,,"nan, Nova Scotia, Canada",46.247595,-60.5518042
y,,Riverview East,,,,506-856-3416,,,,,,,Moncton,,RiverviewEast@nbed.nb.ca,,,,,,,,,,,"nan, Nova Scotia, Canada",46.247595,-60.5518042
,,Shediac Cape,,,,506-533-3388,,,,,,,Moncton,,ShediacCape@nbed.nb.ca,,,,,,,,,2025-03-28,,"nan, Nova Scotia, Canada",46.247595,-60.5518042
,,Petitcodiac Regional,,,,506-756-3104,,,,,,,Moncton,,prs.nbed.nb.ca,,,,,,,,,2025-03-28,,"nan, Nova Scotia, Canada",46.247595,-60.5518042
,,Hillcrest,,,,506-856-3419,,,,,,,Moncton,,hillcrest.nbed.nb.ca,,,,,,,,,2025-03-28,,"nan, Nova Scotia, Canada",46.247595,-60.5518042
